_id,conflict_id,location,side_a,side_a_id,side_a_2nd,side_b,side_b_id,side_b_2nd,incompatibility,territory_name,year,intensity_level,cumulative_intensity,type_of_conflict,start_date,start_prec,start_date2,start_prec2,ep_end,ep_end_date,ep_end_prec,gwno_a,gwno_a_2nd,gwno_b,gwno_b_2nd,gwno_loc,region,version
6492032d37fff41b8ad576d7,440,Myanmar (Burma),Government of Myanmar (Burma),144,,LNUP,889,,1,Lahu,1980,1,0,3,1973-01-11,2,1973-02-28,4,0,,,775,,,,775,3,22.1
6492032d37fff41b8ad576de,442,Mauritania,Government of Mauritania,74,Government of France,AQIM,539,,2,,2010,1,0,4,2008-09-15,1,2010-09-18,2,1,2010-09-18,,435,220,,,435,4,22.1
6492032d37fff41b8ad576e3,439,Myanmar (Burma),Government of Myanmar (Burma),144,,MNDAA,880,,1,Kokang,2017,1,0,3,2009-08-27,1,2017-03-06,1,1,2017-03-12,,775,,,,775,3,22.1
6492032d37fff41b8ad576e5,437,Ethiopia,Government of Ethiopia,97,,SLM,1055,,1,Sidamaland,1981,2,1,3,1981-03-21,2,1981-03-21,2,1,1981-03-21,,530,,,,530,4,22.1
6492032d37fff41b8ad576e6,436,Ethiopia,Government of Ethiopia,97,Government of Cuba,SALF,1054,,1,"Arssi, Bale & Sidamo",1980,1,0,4,1977-12-31,5,1977-12-31,5,1,1980-12-31,,530,40,,,530,4,22.1
6492032d37fff41b8ad576ed,435,"Djibouti, Eritrea",Government of Djibouti,96,,Government of Eritrea,98,,1,Common border,2008,1,0,2,2008-06-10,1,2008-06-11,2,1,2008-06-11,,522,,531,,"522, 531",4,22.1
6492032d37fff41b8ad576ee,434,India,Government of India,141,,PULF,369,,1,Islamic State,2008,1,0,3,2000-06-20,1,2008-12-04,1,1,2008-12-22,,750,,,,750,3,22.1
6492032d37fff41b8ad576f0,432,Russia (Soviet Union),Government of Russia (Soviet Union),57,,Forces of the Caucasus Emirate,367,,1,Caucasus Emirate,2015,1,1,3,2007-10-07,1,2007-11-28,1,1,2015-10-21,,365,,,,365,1,22.1
6492032d37fff41b8ad576f7,430,Niger,Government of Niger,75,,MNJ,562,,2,,2008,1,0,3,1991-10-25,1,2007-04-30,1,1,2008-11-16,,436,,,,436,4,22.1
6492032d37fff41b8ad576fc,431,"Afghanistan, Russia (Soviet Union)",Government of Afghanistan,130,,Government of Russia (Soviet Union),57,,2,,1979,1,0,2,1979-12-27,1,1979-12-27,1,1,1979-12-28,,700,,365,,"365, 700","1, 3",22.1
6492032d37fff41b8ad576ff,429,DR Congo (Zaire),Government of DR Congo (Zaire),89,"Government of Malawi, Government of South Africa, Government of Tanzania",BDK,561,,1,Kongo Kingdom,2020,1,0,4,1998-07-02,1,2020-04-22,1,1,2020-04-24,,490,"510, 553, 560",,,490,4,22.1
6492032d37fff41b8ad57700,428,Mauritania,Government of Mauritania,74,,POLISARIO,563,,1,Sahrawi Arab Democratic Republic (Western Sahara),1978,1,1,3,1975-12-10,1,1975-12-19,2,1,1978-12-31,,435,,,,435,4,22.1
6492032d37fff41b8ad57707,427,"Tanzania, Uganda",Government of Tanzania,92,,Government of Uganda,90,,1,Kagera Salient,1978,1,0,2,1978-11-11,2,1978-11-15,2,1,1978-11-16,,510,,500,,"500, 510",4,22.1
6492032d37fff41b8ad57708,426,Israel,Government of Israel,121,,Hezbollah,366,,1,Southern Lebanon,2006,1,1,3,1986-09-30,4,2006-07-13,1,1,2006-08-23,,666,,,,666,2,22.1
6492032d37fff41b8ad57713,425,Nigeria,Government of Nigeria,84,,NDPVF,560,,1,Niger Delta,2004,1,0,3,2004-06-04,1,2004-06-04,1,1,2004-09-20,,475,,,,475,4,22.1
6492032d37fff41b8ad57716,424,Nigeria,Government of Nigeria,84,,Ahlul Sunnah Jamaa,559,,1,Northern Nigeria,2004,1,0,3,2003-12-22,1,2004-01-06,1,1,2004-10-08,,475,,,,475,4,22.1
6492032d37fff41b8ad57728,422,Myanmar (Burma),Government of Myanmar (Burma),144,,UWSA,364,,1,Wa,1997,1,0,3,1997-03-16,5,1997-03-16,5,1,1997-07-15,,775,,,,775,3,22.1
6492032d37fff41b8ad57729,421,India,Government of India,141,,NDFB-S,5826,,1,Bodoland,2014,1,0,3,1989-02-16,1,2013-12-11,1,1,2014-12-31,,750,,,,750,3,22.1
6492032d37fff41b8ad57737,419,Ivory Coast,Government of Ivory Coast,76,,"FDSI-CI, FRCI","1125, 558",,2,,2011,1,0,3,2002-09-19,1,2011-02-25,2,1,2011-04-27,,437,,,,437,4,22.1
6492032d37fff41b8ad5773c,418,United States of America,Government of United States of America,3,Government of Afghanistan,al-Qaida,769,,2,,2019,1,1,4,2001-09-11,1,2019-07-31,2,1,2019-09-07,,2,700,,,2,5,22.1
6492032d37fff41b8ad5773d,420,"Australia, Iraq, United Kingdom, United States of America","Government of Australia, Government of United Kingdom, Government of United States of America","156, 28, 3",,Government of Iraq,116,,2,,2003,2,1,2,2003-03-20,1,2003-03-23,1,1,2003-04-28,,"900,  200,  2",,645,,"2, 200, 645, 900","1, 2, 3, 5",22.1
6492032d37fff41b8ad5774f,417,North Macedonia,Government of North Macedonia,47,,UCK,361,,2,,2001,1,0,3,2000-01-11,1,2001-05-03,1,1,2001-08-17,,343,,,,343,1,22.1
6492032d37fff41b8ad57755,416,Central African Republic,Government of Central African Republic,86,"Government of Bangladesh, Government of Benin, Government of Bhutan, Government of Brazil, Government of Burkina Faso, Government of Burundi, Government of Cambodia (Kampuchea), Government of Cameroon, Government of Chad, Government of Congo, Government of Djibouti, Government of DR Congo (Zaire), Government of Egypt, Government of France, Government of Gabon, Government of Ghana, Government of Guatemala, Government of Indonesia, Government of Ivory Coast, Government of Jordan, Government of Kenya, Government of Madagascar, Government of Mali, Government of Mauritania, Government of Moldova, Government of Morocco, Government of Nepal, Government of Niger, Government of Pakistan, Government of Paraguay, Government of Peru, Government of Rwanda, Government of Senegal, Government of Serbia (Yugoslavia), Government of Sri Lanka, Government of Tanzania, Government of Thailand, Government of Tunisia, Government of United States of America, Government of Zambia",anti-Balaka,4201,,2,,2014,1,1,4,2001-05-27,1,2009-11-26,1,1,2014-10-15,,482,"135, 140, 150, 2, 220, 345, 359, 432, 433, 434, 435, 436, 437, 439, 452, 471, 481, 483, 484, 490, 501, 510, 516, 517, 522, 551, 580, 600, 616, 651, 663, 760, 770, 771, 780, 790, 800, 811, 850, 90",,,482,4,22.1
6492032d37fff41b8ad5775e,415,Uzbekistan,Government of Uzbekistan,133,,JIG,360,,2,,2004,1,0,3,1999-02-16,1,2004-03-30,1,1,2004-07-30,,704,,,,704,3,22.1
6492032d37fff41b8ad57761,414,Russia (Soviet Union),Government of Russia (Soviet Union),57,,Wahhabi movement of the Buinaksk district,358,,1,Dagestan,1999,1,0,3,1999-08-29,1,1999-09-02,2,1,1999-09-09,,365,,,,365,1,22.1
6492032d37fff41b8ad57764,413,Ethiopia,Government of Ethiopia,97,,OLF,551,,1,Oromiya,2016,1,1,3,1974-08-31,4,2015-12-31,5,1,2016-12-31,,530,,,,530,4,22.1
6492032d37fff41b8ad57787,412,Serbia (Yugoslavia),Government of Serbia (Yugoslavia),49,,UCK,357,"Government of Belgium, Government of Canada, Government of Czech Republic, Government of Denmark, Government of France, Government of Germany, Government of Greece, Government of Hungary, Government of Iceland, Government of Italy, Government of Luxembourg, Government of Netherlands, Government of Norway, Government of Poland, Government of Portugal, Government of Spain, Government of Turkey, Government of United Kingdom, Government of United States of America",1,Kosovo,1999,2,1,4,1996-04-22,1,1998-03-06,2,1,1999-11-21,,345,,,"2, 20, 200, 210, 211, 212, 220, 230, 235, 260, 290, 310, 316, 325, 350, 385, 390, 395, 640",345,1,22.1
6492032d37fff41b8ad57789,411,Lesotho,Government of Lesotho,104,"Government of Botswana, Government of South Africa",Military faction (Lesotho),550,,2,,1998,1,0,4,1998-09-03,1,1998-09-22,1,1,1998-09-28,,570,"560, 571",,,570,4,22.1
6492032d37fff41b8ad5778a,410,Guinea-Bissau,Government of Guinea-Bissau,70,"Government of Guinea, Government of Senegal","Military Junta for the Consolidation of Democracy, Peace and Justice",549,,2,,1999,1,0,4,1998-06-07,1,1998-06-07,1,1,1999-05-07,,404,"433, 438",,,404,4,22.1
6492032d37fff41b8ad5778c,409,"Eritrea, Ethiopia",Government of Eritrea,98,,Government of Ethiopia,97,,1,Common border,2016,1,1,2,1998-05-06,1,2016-06-13,2,1,2016-06-13,,531,,530,,"530, 531",4,22.1
6492032d37fff41b8ad5778f,408,Congo,Government of Congo,88,"Government of Angola, Government of Chad","Cocoyes, Ntsiloulous","547, 548",,2,,1999,1,1,4,1993-11-03,1,1997-06-06,1,1,1999-12-06,,484,"483, 540",,,484,4,22.1
6492032d37fff41b8ad57795,406,Niger,Government of Niger,75,,FDR,543,,1,Eastern Niger,1995,1,0,3,1995-03-23,1,1995-07-10,1,1,1995-07-10,,436,,,,436,4,22.1
6492032d37fff41b8ad57797,405,"Cameroon, Nigeria",Government of Cameroon,83,,Government of Nigeria,84,,1,Bakassi,1996,1,0,2,1994-02-18,1,1996-05-07,3,1,1996-05-07,,471,,475,,"471, 475",4,22.1
6492032d37fff41b8ad5779c,407,Comoros,Government of Comoros,107,,MPA/Republic of Anjouan,544,,1,Anjouan,1997,1,0,3,1997-09-03,1,1997-09-05,2,1,1997-09-05,,581,,,,581,4,22.1
6492032d37fff41b8ad577a6,404,Pakistan,Government of Pakistan,142,,MQM,354,,2,,1996,1,0,3,1990-02-11,2,1994-05-03,1,1,1996-09-04,,770,,,,770,3,22.1
6492032d37fff41b8ad577a9,403,"Ecuador, Peru",Government of Ecuador,20,,Government of Peru,21,,1,Cordillera del Condor,1995,1,0,2,1995-01-26,1,1995-01-31,1,1,1995-12-31,,130,,135,,"130, 135",5,22.1
6492032d37fff41b8ad577ad,402,Yemen (North Yemen),Government of Yemen (North Yemen),123,,Democratic Republic of Yemen,353,,1,South Yemen,1994,2,1,3,1994-02-21,1,1994-04-28,2,1,1994-07-04,,678,,,,678,2,22.1
6492032d37fff41b8ad577ae,401,Russia (Soviet Union),Government of Russia (Soviet Union),57,,Chechen Republic of Ichkeria,352,,1,Chechnya,2007,1,1,3,1994-05-27,1,1999-08-11,3,1,2007-10-06,,365,,,,365,1,22.1
6492032d37fff41b8ad577b8,400,Mexico,Government of Mexico,10,,EPR,768,,2,,1996,1,0,3,1994-01-01,1,1996-08-30,2,1,1996-12-31,,70,,,,70,5,22.1
6492032d37fff41b8ad577b9,399,Russia (Soviet Union),Government of Russia (Soviet Union),57,,Parliamentary Forces,351,,2,,1993,1,0,3,1991-08-20,1,1993-10-03,1,1,1993-10-05,,365,,,,365,1,22.1
6492032d37fff41b8ad577bc,398,Bosnia-Herzegovina,Government of Bosnia-Herzegovina,50,,"Croatian irregulars, Croatian Republic of Bosnia-Herzegovina","350, 370",,1,Croat,1994,1,1,3,1992-05-27,1,1992-07-17,1,1,1994-03-16,,346,,,,346,1,22.1
6492032d37fff41b8ad577c0,397,Bosnia-Herzegovina,Government of Bosnia-Herzegovina,50,,Autonomous Province of Western Bosnia,349,,1,Bihaca Krajina,1995,1,1,3,1992-06-28,1,1993-10-03,1,1,1995-07-28,,346,,,,346,1,22.1
6492032d37fff41b8ad577c2,396,Azerbaijan,Government of Azerbaijan,64,,OPON Forces,348,,2,,1995,1,0,3,1992-05-15,1,1995-03-17,1,1,1995-03-17,,373,,,,373,1,22.1
6492032d37fff41b8ad577c5,395,Tajikistan,Government of Tajikistan,131,,IMU,359,,2,,2011,1,1,3,1992-05-05,1,2010-09-09,2,1,2011-07-25,,702,,,,702,3,22.1
6492032d37fff41b8ad577ce,394,Moldova,Government of Moldova,55,,PMR,344,,1,Dniestr,1992,1,0,3,1992-03-01,1,1992-03-17,1,1,1992-07-31,,359,,,,359,1,22.1
6492032d37fff41b8ad577cf,393,Georgia,Government of Georgia,63,,Republic of South Ossetia,343,,1,South Ossetia,1992,1,0,3,1992-05-12,1,1992-06-08,1,1,1992-08-14,,372,,,,372,1,22.1
6492032d37fff41b8ad577d0,392,Georgia,Government of Georgia,63,,Republic of Abkhazia,342,,1,Abkhazia,1993,2,1,3,1992-08-14,1,1992-08-17,1,1,1993-11-29,,372,,,,372,1,22.1
6492032d37fff41b8ad577d2,391,Egypt,Government of Egypt,117,,Harakit Sawa'id Misr,6616,,2,,2019,1,1,3,1981-10-08,1,2017-07-14,1,1,2019-09-24,,651,,,,651,2,22.1
6492032d37fff41b8ad577df,390,Croatia,Government of Croatia,48,,Serbian Republic of Krajina,340,,1,Serb,1995,1,1,3,1992-04-23,1,1995-05-01,1,1,1995-09-06,,344,,,,344,1,22.1
6492032d37fff41b8ad577e2,389,Bosnia-Herzegovina,Government of Bosnia-Herzegovina,50,,"Serbian irregulars, Serbian Republic of Bosnia-Herzegovina","339, 371",,1,Serb,1995,2,1,3,1992-04-13,1,1992-04-27,1,1,1995-12-14,,346,,,,346,1,22.1
6492032d37fff41b8ad577e7,388,Azerbaijan,Government of Azerbaijan,64,,Republic of Artsakh,338,Government of Armenia,1,Artsakh (Nagorno-Karabakh),2017,1,1,4,1991-12-29,1,2014-08-01,2,1,2017-12-14,,373,,,371,373,1,22.1
6492032d37fff41b8ad577f6,387,Angola,Government of Angola,99,,FLEC-FAC,541,,1,Cabinda,2009,1,0,3,1989-08-04,1,2009-12-31,5,1,2009-12-31,,540,,,,540,4,22.1
6492032d37fff41b8ad57803,386,Algeria,Government of Algeria,109,,AQIM,539,,2,,2020,1,1,3,1985-08-27,1,2020-12-01,1,1,2020-12-02,,615,,,,615,4,22.1
6492032d37fff41b8ad57820,385,Serbia (Yugoslavia),Government of Serbia (Yugoslavia),49,,Republic of Croatia,337,,1,Croatia,1992,1,1,3,1991-07-09,1,1991-07-27,1,1,1992-04-06,,345,,,,345,1,22.1
6492032d37fff41b8ad57824,383,Turkey,Government of Turkey,115,,TKP-ML,8179,,2,,2000,1,0,3,1987-12-31,5,2000-04-25,1,1,2000-12-12,,640,,,,640,2,22.1
6492032d37fff41b8ad57827,384,Serbia (Yugoslavia),Government of Serbia (Yugoslavia),49,,Republic of Slovenia,336,,1,Slovenia,1991,1,0,3,1991-06-27,1,1991-06-28,1,1,1991-07-03,,345,,,,345,1,22.1
6492032d37fff41b8ad5782b,382,Sierra Leone,Government of Sierra Leone,80,,RUF,532,,2,,2001,1,1,3,1991-03-23,1,1991-04-01,1,1,2001-12-20,,451,,,,451,4,22.1
6492032d37fff41b8ad57836,381,Haiti,Government of Haiti,6,,"FLRN, OP Lavalas","765, 766",,2,,2004,1,0,3,1989-04-03,1,2004-02-08,1,1,2004-11-19,,41,,,,41,5,22.1
6492032d37fff41b8ad57839,380,Georgia,Government of Georgia,63,,Zviadists,333,,2,,1993,1,0,3,1991-12-22,1,1991-12-28,2,1,1993-11-16,,372,,,,372,1,22.1
6492032d37fff41b8ad5783b,379,Djibouti,Government of Djibouti,96,,FRUD-C,531,,2,,1999,1,0,3,1991-11-12,1,1999-07-24,1,1,1999-08-31,,522,,,,522,4,22.1
6492032d37fff41b8ad57841,378,Trinidad and Tobago,Government of Trinidad and Tobago,8,,Jamaat al-Muslimeen,762,,2,,1990,1,0,3,1990-07-27,1,1990-08-02,2,1,1990-08-02,,52,,,,52,5,22.1
6492032d37fff41b8ad57842,377,Russia (Soviet Union),Government of Russia (Soviet Union),57,,APF,331,,1,Azerbaijan,1990,1,0,3,1990-01-20,2,1990-01-23,2,1,1990-01-27,,365,,,,365,1,22.1
6492032d37fff41b8ad57843,376,Russia (Soviet Union),Government of Russia (Soviet Union),57,,Republic of Armenia,330,,1,Nagorno-Karabakh,1991,1,0,3,1990-01-19,3,1990-08-31,3,1,1991-12-21,,365,,,,365,1,22.1
6492032d37fff41b8ad57845,375,Senegal,Government of Senegal,73,,MFDC,529,,1,Casamance,2011,1,1,3,1988-12-31,3,2011-12-20,1,1,2011-12-30,,433,,,,433,4,22.1
6492032d37fff41b8ad5784d,374,Rwanda,Government of Rwanda,94,Government of DR Congo (Zaire),"CNRD, FDLR, FDLR-RUD","528, 5801, 6684",,2,,2020,1,1,4,1990-10-01,1,2019-05-25,1,1,2020-12-30,,517,490,,,517,4,22.1
6492032d37fff41b8ad57862,373,Niger,Government of Niger,75,,CRA,525,,1,Air and Azawad,1994,1,0,3,1994-01-19,1,1994-05-16,1,1,1994-09-26,,436,,,,436,4,22.1
6492032d37fff41b8ad57866,372,Mali,Government of Mali,72,,FIAA,522,,1,Azawad,1994,1,0,3,1990-06-28,1,1994-10-04,1,1,1994-12-18,,432,,,,432,4,22.1
6492032d37fff41b8ad5786a,371,"Iraq, Kuwait",Government of Iraq,116,,Government of Kuwait,125,"Government of Argentina, Government of Australia, Government of Bahrain, Government of Bangladesh, Government of Belgium, Government of Canada, Government of Czechoslovakia, Government of Denmark, Government of Egypt, Government of France, Government of Greece, Government of Honduras, Government of Italy, Government of Morocco, Government of Netherlands, Government of Niger, Government of Norway, Government of Oman, Government of Pakistan, Government of Portugal, Government of Qatar, Government of Saudi Arabia, Government of Senegal, Government of Sierra Leone, Government of Spain, Government of Syria, Government of Turkey, Government of United Arab Emirates, Government of United Kingdom, Government of United States of America",1,Kuwait,1991,2,1,2,1990-08-02,1,1990-08-02,1,1,1991-03-01,,645,,690,"160, 2, 20, 200, 210, 211, 220, 230, 235, 315, 325, 350, 385, 390, 433, 436, 451, 600, 640, 651, 652, 670, 692, 694, 696, 698, 770, 771, 900, 91","645, 690",2,22.1
6492032d37fff41b8ad5786b,370,Romania,Government of Romania,56,,"Military faction (forces of Nicolae Ceausescu), NSF","329, 6137",,2,,1989,1,0,3,1989-12-17,2,1989-12-22,2,1,1989-12-29,,360,,,,360,1,22.1
6492032d37fff41b8ad5786d,369,Papua New Guinea,Government of Papua New Guinea,157,,BRA,328,,1,Bougainville,1996,1,0,3,1989-04-06,1,1992-08-02,1,1,1996-11-28,,910,,,,910,3,22.1
6492032d37fff41b8ad57874,368,"Panama, United States of America",Government of Panama,16,,Government of United States of America,3,,2,,1989,1,0,2,1989-12-16,1,1989-12-23,2,1,1989-12-23,,95,,2,,"2, 95",5,22.1
6492032d37fff41b8ad57879,367,Panama,Government of Panama,16,,Military faction (forces of Moisés Giroldi),761,,2,,1989,1,0,3,1989-10-03,1,1989-10-03,1,1,1989-10-03,,95,,,,95,5,22.1
6492032d37fff41b8ad5787b,366,Indonesia,Government of Indonesia,155,,GAM,327,,1,Aceh,2005,1,1,3,1989-05-02,3,1999-06-01,1,1,2005-10-12,,850,,,,850,3,22.1
6492032d37fff41b8ad57880,365,India,Government of India,141,,ULFA,326,,1,Assam,2010,1,1,3,1983-12-31,5,1994-12-31,5,1,2010-10-16,,750,,,,750,3,22.1
6492032d37fff41b8ad578b3,363,Ethiopia,Government of Ethiopia,97,,ALF,519,,1,Afar,1976,1,0,3,1975-06-30,3,1975-06-30,3,1,1976-12-31,,530,,,,530,4,22.1
6492032d37fff41b8ad578b5,362,Comoros,Government of Comoros,107,,Presidential guard,518,,2,,1989,1,0,3,1989-11-27,2,1989-11-29,1,1,1989-11-29,,581,,,,581,4,22.1
6492032d37fff41b8ad578b7,361,"Chad, Libya",Government of Chad,87,,Government of Libya,111,,1,Aozou strip,1987,2,1,2,1987-08-08,1,1987-08-08,1,1,1987-09-12,,483,,620,,"483, 620",4,22.1
6492032d37fff41b8ad578b9,360,Burkina Faso,Government of Burkina Faso,78,,Popular Front,517,,2,,1987,1,0,3,1987-10-15,1,1987-10-15,1,1,1987-10-15,,439,,,,439,4,22.1
6492032d37fff41b8ad578bb,359,South Yemen,Government of South Yemen,124,,YSP - AFI,324,,2,,1986,2,1,3,1986-01-13,1,1986-01-13,1,1,1986-01-20,,680,,,,680,2,22.1
6492032d37fff41b8ad578bd,358,Togo,Government of Togo,82,,MTD,516,,2,,1986,1,0,3,1986-09-23,2,1986-09-23,2,1,1986-09-24,,461,,,,461,4,22.1
6492032d37fff41b8ad578be,357,Suriname,Government of Suriname,19,,SLA,760,,2,,1987,1,0,3,1986-08-21,1,1987-10-12,1,1,1987-12-31,,115,,,,115,5,22.1
6492032d37fff41b8ad578bf,356,"Laos, Thailand",Government of Laos,149,,Government of Thailand,147,,1,Common Border,1988,1,0,2,1982-06-16,1,1986-12-31,5,1,1988-02-17,,812,,800,,"800, 812",3,22.1
6492032d37fff41b8ad578c3,355,"Burkina Faso, Mali",Government of Burkina Faso,78,,Government of Mali,72,,1,Agacher Strip,1985,1,0,2,1985-12-25,1,1985-12-26,2,1,1985-12-31,,439,,432,,"432, 439",4,22.1
6492032d37fff41b8ad578ca,354,Turkey,Government of Turkey,115,,PKK,323,,1,Kurdistan,2013,1,1,3,1983-05-01,1,1984-08-15,1,1,2013-03-12,,640,,,,640,2,22.1
6492032d37fff41b8ad578e8,353,Cameroon,Government of Cameroon,83,,Jama'atu Ahlis Sunna Lidda'awati wal-Jihad,1051,,2,,2020,1,1,3,1960-01-31,4,2020-09-29,1,1,2020-12-16,,471,,,,471,4,22.1
6492032d37fff41b8ad578ef,352,Sri Lanka,Government of Sri Lanka,145,,LTTE,320,,1,Eelam,2009,2,1,3,1975-07-27,1,2005-12-02,1,1,2009-07-04,,780,,,,780,3,22.1
6492032d37fff41b8ad57907,351,India,Government of India,141,,Sikh insurgents,319,,1,Punjab/Khalistan,1993,1,1,3,1981-09-20,1,1983-12-31,5,1,1993-12-24,,750,,,,750,3,22.1
6492032d37fff41b8ad57911,350,"Grenada, United States of America",Government of Grenada,9,,Government of United States of America,3,,2,,1983,1,0,2,1983-10-25,1,1983-10-25,1,1,1983-10-27,,55,,2,,"2, 55",5,22.1
6492032d37fff41b8ad57913,349,"Chad, Nigeria",Government of Chad,87,,Government of Nigeria,84,,1,Lake Chad,1983,1,0,2,1983-04-18,1,1983-04-24,1,1,1983-11-01,,483,,475,,"475, 483",4,22.1
6492032d37fff41b8ad57914,348,Kenya,Government of Kenya,91,,Military faction (forces of Hezekiah Ochuka),514,,2,,1982,1,0,3,1982-08-01,1,1982-08-01,1,1,1982-08-21,,501,,,,501,4,22.1
6492032d37fff41b8ad57915,347,India,Government of India,141,,"KCP, PREPAK, UNLF","315, 317, 318",,1,Manipur,2009,1,1,3,1979-04-26,1,2003-07-21,1,1,2009-12-28,,750,,,,750,3,22.1
6492032d37fff41b8ad57929,346,"Argentina, United Kingdom",Government of Argentina,26,,Government of United Kingdom,28,,1,Malvinas/Falkland Islands,1982,1,0,2,1982-04-02,1,1982-05-02,1,1,1982-06-14,,160,,200,,"160, 200","1, 5",22.1
6492032d37fff41b8ad5792b,345,South Africa,Government of South Africa,102,,ANC,513,,2,,1988,1,0,3,1978-02-01,1,1985-06-26,1,1,1988-12-31,,560,,,,560,4,22.1
6492032d37fff41b8ad57932,344,Gambia,Government of Gambia,71,Government of Senegal,NRC,512,,2,,1981,1,0,4,1981-07-30,1,1981-07-30,1,1,1981-08-05,,420,433,,,420,4,22.1
6492032d37fff41b8ad57933,343,Tunisia,Government of Tunisia,110,,"AQIM, JAK-T","539, 6359",,2,,2015,1,0,3,1980-01-27,1,2013-10-17,1,1,2015-11-15,,616,,,,616,4,22.1
6492032d37fff41b8ad57937,342,Spain,Government of Spain,35,,ETA,313,,1,Basque,1991,1,0,3,1968-06-07,1,1991-06-28,1,1,1991-12-13,,230,,,,230,1,22.1
6492032d37fff41b8ad5793f,341,Liberia,Government of Liberia,79,,"LURD, MODEL","509, 510",,2,,2003,2,1,3,1980-04-12,1,2000-05-31,3,1,2003-11-21,,450,,,,450,4,22.1
6492032d37fff41b8ad57947,340,Saudi Arabia,Government of Saudi Arabia,122,,JSM,312,,2,,1979,1,0,3,1979-11-20,1,1979-11-20,1,1,1979-12-04,,670,,,,670,2,22.1
6492032d37fff41b8ad5794e,338,Iran,Government of Iran,114,,PJAK,309,,2,,2011,1,1,3,1972-08-13,1,2005-08-07,1,1,2011-12-27,,630,,,,630,2,22.1
6492032d37fff41b8ad57973,337,Somalia,Government of Somalia,95,,USC/SNA,503,,2,,1996,1,1,3,1982-01-18,1,1986-03-03,2,1,1996-12-20,,520,,,,520,4,22.1
6492032d37fff41b8ad57982,336,Nicaragua,Government of Nicaragua,14,,Contras,759,,2,,1990,1,1,3,1974-12-27,2,1982-04-17,1,1,1990-04-15,,93,,,,93,5,22.1
6492032d37fff41b8ad5798e,335,India,Government of India,141,,NLFT-B,2939,,1,Tripura,2004,1,0,3,1979-07-09,1,1999-09-26,1,1,2004-12-28,,750,,,,750,3,22.1
6492032d37fff41b8ad579a3,334,"China, Vietnam (North Vietnam)",Government of China,135,,Government of Vietnam (North Vietnam),150,,1,Various,1984,1,1,2,1974-01-19,1,1983-12-31,5,1,1984-12-31,,710,,816,,"710, 816",3,22.1
6492032d37fff41b8ad579e8,331,Morocco,Government of Morocco,108,,POLISARIO,563,,1,Sahrawi Arab Democratic Republic (Western Sahara),1989,1,1,3,1975-09-01,1,1975-11-04,1,1,1989-11-16,,600,,,,600,4,22.1
6492032d37fff41b8ad579f7,330,Indonesia,Government of Indonesia,155,,CNRT,290,,1,East Timor,1999,1,1,3,1975-12-07,1,1997-05-31,1,1,1999-09-22,,850,,,,850,3,22.1
6492032d37fff41b8ad57a28,329,Ethiopia,Government of Ethiopia,97,Government of Cuba,WSLF,496,,1,Ogaden,1983,1,1,4,1964-01-11,2,1976-10-31,3,1,1983-12-31,,530,40,,,530,4,22.1
6492032d37fff41b8ad57a2b,327,Angola,Government of Angola,99,Government of Namibia,UNITA,567,,2,,2002,1,1,4,1975-11-11,1,1998-05-02,1,1,2002-04-01,,540,565,,,540,4,22.1
6492032d37fff41b8ad57a2e,328,"Cambodia (Kampuchea), Vietnam (North Vietnam)",Government of Cambodia (Kampuchea),148,,Government of Vietnam (North Vietnam),150,,1,Common Border,1977,1,0,2,1975-05-01,1,1975-12-31,5,1,1977-12-31,,811,,816,,"811, 816",3,22.1
6492032d37fff41b8ad57a48,326,Eritrea,Government of Eritrea,98,,EIJM - AS,495,,2,,2003,1,0,3,1993-12-16,1,2003-07-17,1,1,2003-08-09,,531,,,,531,4,22.1
6492032d37fff41b8ad57a4d,325,Pakistan,Government of Pakistan,142,,"BLA, UBA","287, 3192",,1,Balochistan,2016,1,1,3,1973-05-18,1,2011-07-05,1,1,2016-10-23,,770,,,,770,3,22.1
6492032d37fff41b8ad57a5d,324,"Iran, Iraq",Government of Iran,114,,Government of Iraq,116,,3,Various,1988,2,1,2,1972-04-11,1,1980-09-23,1,1,1988-08-20,,630,,645,,"630, 645",2,22.1
6492032d37fff41b8ad57a67,323,"Cyprus, Turkey",Government of Cyprus,53,,Government of Turkey,115,,1,Northern Cyprus,1974,2,1,2,1974-06-20,2,1974-06-20,2,1,1974-08-16,,352,,640,,"352, 640","1, 2",22.1
6492032d37fff41b8ad57a68,322,Bangladesh,Government of Bangladesh,143,,JSS/SB,285,,1,Chittagong Hill Tracts,1991,1,1,3,1975-02-28,5,1975-02-28,5,1,1991-12-31,,771,,,,771,3,22.1
6492032d37fff41b8ad57a79,321,Chile,Government of Chile,25,,"Military faction (forces of Augusto Pinochet, Toribio Merino and Leigh Guzman)",757,,2,,1973,1,0,3,1973-09-11,1,1973-09-11,1,1,1973-09-11,,155,,,,155,5,22.1
6492032d37fff41b8ad57a7a,320,"South Yemen, Yemen (North Yemen)",Government of South Yemen,124,,Government of Yemen (North Yemen),123,,3,Common border,1979,1,0,2,1972-02-21,1,1979-03-30,4,1,1979-03-30,,680,,678,,"678, 680",2,22.1
6492032d37fff41b8ad57a7b,319,Uruguay,Government of Uruguay,27,,MLN/Tupamaros,756,,2,,1972,1,0,3,1970-04-13,1,1972-04-30,3,1,1972-12-31,,165,,,,165,5,22.1
6492032d37fff41b8ad57a7c,318,Zimbabwe (Rhodesia),Government of Zimbabwe (Rhodesia),101,,PF,494,,2,,1979,2,1,3,1966-04-29,1,1973-04-04,1,1,1979-12-21,,552,,,,552,4,22.1
6492032d37fff41b8ad57a86,317,Oman,Government of Oman,129,"Government of Iran, Government of Jordan, Government of United Kingdom",PFLO,284,Government of South Yemen,2,,1975,1,0,4,1968-10-31,3,1969-12-31,5,1,1975-12-11,,698,"200, 630, 663",,680,698,2,22.1
6492032d37fff41b8ad57a8d,316,El Salvador,Government of El Salvador,13,,FMLN,755,,2,,1991,1,1,3,1972-03-25,1,1979-09-14,1,1,1991-11-18,,92,,,,92,5,22.1
6492032d37fff41b8ad57a9b,315,United Kingdom,Government of United Kingdom,28,,PIRA,282,,1,Northern Ireland,1991,1,1,3,1970-08-11,1,1971-08-31,3,1,1991-11-26,,200,,,,200,1,22.1
6492032d37fff41b8ad57ab1,314,Uganda,Government of Uganda,90,Government of DR Congo (Zaire),ADF,489,,2,,2019,1,1,4,1971-01-25,1,2013-06-24,1,1,2019-07-21,,500,490,,,500,4,22.1
6492032e37fff41b8ad57ada,313,Sri Lanka,Government of Sri Lanka,145,,JVP,281,,2,,1990,1,1,3,1971-04-05,1,1989-02-13,1,1,1990-02-23,,780,,,,780,3,22.1
6492032e37fff41b8ad57ade,312,Pakistan,Government of Pakistan,142,,Mukti Bahini,280,,1,East Pakistan,1971,2,1,3,1971-03-26,1,1971-03-26,1,1,1971-12-16,,770,,,,770,3,22.1
6492032e37fff41b8ad57adf,310,Madagascar (Malagasy),Government of Madagascar,106,,Monima,473,,2,,1971,1,0,3,1971-04-30,3,1971-04-30,3,1,1971-04-30,,580,,,,580,4,22.1
6492032e37fff41b8ad57ae0,309,Sudan,Government of Sudan,112,,SLM/A,469,,2,,2018,1,1,3,1971-07-22,1,1983-05-17,1,1,2018-12-16,,625,,,,625,4,22.1
6492032e37fff41b8ad57af6,311,Morocco,Government of Morocco,108,,Military faction (forces of Mohamed Madbouh),474,,2,,1971,1,0,3,1971-07-10,1,1971-07-10,1,1,1971-07-11,,600,,,,600,4,22.1
6492032e37fff41b8ad57b0a,308,Philippines,Government of Philippines,154,,ASG,277,,1,Mindanao,2020,1,1,3,1970-08-20,1,1993-02-09,1,1,2020-12-09,,840,,,,840,3,22.1
6492032e37fff41b8ad57b37,307,Guinea,Government of Guinea,77,,RFDG,463,,2,,2001,1,0,3,2000-09-01,1,2000-09-17,1,1,2001-07-19,,438,,,,438,4,22.1
6492032e37fff41b8ad57b3c,306,"El Salvador, Honduras",Government of El Salvador,13,,Government of Honduras,12,,1,Common Border,1969,2,1,2,1969-07-03,2,1969-07-03,2,1,1969-07-18,,92,,91,,"91, 92",5,22.1
6492032e37fff41b8ad57b3e,305,"China, Russia (Soviet Union)",Government of China,135,,Government of Russia (Soviet Union),57,,1,Ussuri river,1969,1,0,2,1969-03-02,1,1969-03-02,1,1,1969-12-31,,710,,365,,"365, 710","1, 3",22.1
6492032e37fff41b8ad57b40,303,Nigeria,Government of Nigeria,84,,Republic of Biafra,462,,1,Biafra,1970,2,1,3,1967-07-06,2,1967-07-06,2,1,1970-01-12,,475,,,,475,4,22.1
6492032e37fff41b8ad57b43,302,"Israel, Syria",Government of Israel,121,,Government of Syria,118,,1,Golan Heights,1973,2,1,2,1967-06-05,1,1973-10-06,1,1,1973-10-24,,666,,652,,"652, 666",2,22.1
6492032e37fff41b8ad57b44,300,Cambodia (Kampuchea),Government of Cambodia (Kampuchea),148,,"Forces of Norodom Ranariddh, KR","270, 7248",,2,,1998,1,1,3,1967-04-30,3,1978-12-30,2,1,1998-10-03,,811,,,,811,3,22.1
6492032e37fff41b8ad57b72,298,South Africa,Government of South Africa,102,,SWAPO,461,,1,Namibia,1988,2,1,3,1966-08-26,1,1966-12-31,5,1,1988-08-08,,560,,,,560,4,22.1
6492032e37fff41b8ad57b83,299,Syria,Government of Syria,118,,Military faction (forces loyal to Nureddin Atassi and Youssef Zeayen),268,,2,,1966,1,0,3,1966-02-23,1,1966-02-23,1,1,1966-02-23,,652,,,,652,2,22.1
6492032e37fff41b8ad57b95,297,Nigeria,Government of Nigeria,84,,Jama'atu Ahlis Sunna Lidda'awati wal-Jihad,1051,,2,,2009,1,0,3,1966-01-15,1,2009-07-26,1,1,2009-07-30,,475,,,,475,4,22.1
6492032e37fff41b8ad57b97,296,India,Government of India,141,,MNF,267,,1,Mizoram,1968,1,0,3,1966-09-01,2,1966-09-01,2,1,1968-12-31,,750,,,,750,3,22.1
6492032e37fff41b8ad57b9c,295,Ghana,Government of Ghana,81,,Military faction (forces of Jerry John Rawlings),458,,2,,1981,1,0,3,1966-02-24,1,1981-12-31,1,1,1981-12-31,,452,,,,452,4,22.1
6492032e37fff41b8ad57ba1,294,"Cambodia (Kampuchea), Thailand",Government of Cambodia (Kampuchea),148,,Government of Thailand,147,,1,Common Border,2011,1,0,2,1975-12-15,2,2011-04-28,2,1,2011-05-02,,811,,800,,"800, 811",3,22.1
6492032e37fff41b8ad57ba2,293,"South Vietnam, Vietnam (North Vietnam)",Government of South Vietnam,151,,Government of Vietnam (North Vietnam),150,Government of North Korea,1,South Vietnam,1975,2,1,2,1965-12-31,5,1965-12-31,5,1,1975-04-30,,817,,816,731,"816, 817",3,22.1
6492032e37fff41b8ad57bae,292,Peru,Government of Peru,21,,Sendero Luminoso,750,,2,,1999,1,1,3,1963-05-15,1,1982-08-22,2,1,1999-11-26,,135,,,,135,5,22.1
6492032e37fff41b8ad57bc2,291,Indonesia,Government of Indonesia,155,,OPM,266,,1,West Papua,2018,1,1,3,1965-07-28,1,2018-12-02,2,1,2018-12-02,,850,,,,850,3,22.1
6492032e37fff41b8ad57bce,290,Dominican Republic,Government of Dominican Republic,7,,Military faction (constitutionalists),747,,2,,1965,1,0,3,1965-04-24,1,1965-04-24,1,1,1965-08-31,,42,,,,42,5,22.1
6492032e37fff41b8ad57bd4,289,Colombia,Government of Colombia,17,,ELN,744,,2,,2016,1,1,3,1964-12-31,5,1964-12-31,5,1,2016-12-29,,100,,,,100,5,22.1
6492032e37fff41b8ad57c0b,288,Chad,Government of Chad,87,,CCMSR,7151,,2,,2018,1,1,3,1966-07-31,4,2018-08-11,1,1,2018-09-13,,483,,,,483,4,22.1
6492032e37fff41b8ad57c34,287,Burundi,Government of Burundi,93,,"FPB, Military faction (forces of Godefroid Niyombare), RED-TABARA","6187, 6297, 6513",,2,,2015,1,1,3,1965-10-18,1,2014-12-30,1,1,2015-12-11,,516,,,,516,4,22.1
6492032e37fff41b8ad57c47,286,South Yemen,Government of United Kingdom,28,,FLOSY,265,,1,Aden/South Yemen,1967,1,0,1,1964-11-25,1,1964-11-25,1,1,1967-11-29,,200,,,,680,2,22.1
6492032e37fff41b8ad57c4c,285,Mozambique,Government of Portugal,36,,Frelimo,428,,1,Mozambique,1974,1,1,1,1964-11-19,1,1964-11-19,1,1,1974-09-07,,235,,,,541,4,22.1
6492032e37fff41b8ad57c56,284,Gabon,Government of Gabon,85,,Military faction (forces loyal to Léon M'Ba),427,Government of France,2,,1964,1,0,4,1964-02-18,1,1964-02-18,1,1,1964-02-19,,481,,,220,481,4,22.1
6492032e37fff41b8ad57c5d,283,DR Congo (Zaire),Government of DR Congo (Zaire),89,"Government of Malawi, Government of South Africa, Government of Tanzania","APCLS, CNPSC","1200, 3043",,2,,2014,1,1,4,1964-01-03,1,2011-10-07,1,1,2014-04-30,,490,"510, 553, 560",,,490,4,22.1
6492032e37fff41b8ad57c70,282,Sudan,Government of Sudan,112,,SSLM,418,,1,Southern Sudan,1972,2,1,3,1963-12-31,5,1963-12-31,5,1,1972-01-31,,625,,,,625,4,22.1
6492032e37fff41b8ad57c79,281,"Indonesia, Malaysia",Government of Indonesia,155,,Government of Malaysia,152,Government of United Kingdom,1,North Borneo,1966,1,0,2,1962-12-08,1,1963-12-31,5,1,1966-08-11,,850,,820,200,"820, 850",3,22.1
6492032e37fff41b8ad57c82,279,Guinea-Bissau,Government of Portugal,36,,PAIGC,417,,1,Guinea-Bissau,1973,1,1,1,1963-02-28,3,1963-02-28,3,1,1973-12-31,,235,,,,404,4,22.1
6492032e37fff41b8ad57c8c,278,"Algeria, Morocco",Government of Algeria,109,,Government of Morocco,108,,1,Common Border,1963,1,0,2,1963-10-08,1,1963-10-08,1,1,1963-11-04,,615,,600,,"600, 615",4,22.1
6492032e37fff41b8ad57c8d,277,Venezuela,Government of Venezuela,18,,Military faction (forces of Hugo Chávez),742,,2,,1992,1,0,3,1962-06-03,2,1992-02-04,1,1,1992-11-27,,101,,,,101,5,22.1
6492032e37fff41b8ad57c91,276,"Indonesia, Netherlands",Government of Indonesia,155,,Government of Netherlands,30,,1,West New Guinea,1962,1,0,2,1962-01-15,1,1962-01-15,1,1,1962-09-21,,850,,210,,"210, 850","1, 3",22.1
6492032e37fff41b8ad57c93,275,Ethiopia,Government of Ethiopia,97,,EPLF,416,,1,Eritrea,1991,2,1,3,1961-09-30,3,1964-03-15,1,1,1991-05-31,,530,,,,530,4,22.1
6492032e37fff41b8ad57cad,274,"China, India",Government of China,135,,Government of India,141,,1,"Aksai Chin, Arunachal Pradesh",2020,1,1,2,1959-08-31,3,2020-08-30,1,1,2020-08-30,,710,,750,,"710, 750",3,22.1
6492032e37fff41b8ad57cb2,272,"France, Tunisia",Government of France,33,,Government of Tunisia,110,,1,Bizerte,1961,2,1,2,1961-07-20,1,1961-07-20,1,1,1961-07-22,,220,,616,,"220, 616","1, 4",22.1
6492032e37fff41b8ad57cb3,271,Iraq,Government of Iraq,116,,PUK,261,,1,Kurdistan,1996,1,1,3,1945-08-30,3,1995-03-14,1,1,1996-09-30,,645,,,,645,2,22.1
6492032e37fff41b8ad57cd2,270,France,Government of France,33,,OAS,259,,2,,1962,2,1,3,1961-04-22,1,1961-04-22,1,1,1962-06-30,,220,,,,220,1,22.1
6492032e37fff41b8ad57cd4,269,Nepal,Government of Nepal,146,,CPN-M,258,,2,,2006,1,1,3,1960-02-29,4,1996-08-23,1,1,2006-09-21,,790,,,,790,3,22.1
6492032e37fff41b8ad57ce2,268,"Ethiopia, Somalia",Government of Ethiopia,97,"Government of Cuba, Government of South Yemen",Government of Somalia,95,,1,Ogaden,1978,2,1,2,1964-02-10,2,1977-07-13,1,1,1978-03-23,,530,"40, 680",520,,"520, 530",4,22.1
6492032e37fff41b8ad57ce7,267,Ethiopia,Government of Ethiopia,97,,"EPRDF, Forces of Harar garrison","1215, 414",,2,,1991,2,1,3,1960-12-17,2,1976-06-02,2,1,1991-05-28,,530,,,,530,4,22.1
6492032e37fff41b8ad57cfa,265,DR Congo (Zaire),Government of DR Congo (Zaire),89,"Government of Malawi, Government of South Africa, Government of Tanzania",Kata Katanga,3967,,1,Katanga,2020,1,0,4,1961-10-27,1,2020-03-28,1,1,2020-09-26,,490,"510, 553, 560",,,490,4,22.1
6492032e37fff41b8ad57cff,264,Myanmar (Burma),Government of Myanmar (Burma),144,,SSPP,1122,,1,Shan,2015,1,1,3,1959-11-22,1,2015-10-18,1,1,2015-11-30,,775,,,,775,3,22.1
6492032e37fff41b8ad57d08,266,DR Congo (Zaire),Government of DR Congo (Zaire),89,,Independent Mining State of South Kasai,407,,1,South Kasai,1962,1,0,3,1960-08-31,2,1960-08-31,2,1,1962-12-31,,490,,,,490,4,22.1
6492032e37fff41b8ad57d2f,263,Angola,Government of Portugal,36,,"FNLA, MPLA","405, 566",,1,Angola,1974,1,1,1,1961-02-04,1,1961-02-04,1,1,1974-10-21,,235,,,,540,4,22.1
6492032e37fff41b8ad57d3d,262,Laos,Government of Laos,149,,LRM,246,,2,,1990,1,1,3,1959-11-12,1,1989-08-25,1,1,1990-04-10,,812,,,,812,3,22.1
6492032e37fff41b8ad57d4f,261,Malaysia,Government of Malaysia,152,,CPM,196,,2,,1975,1,0,3,1957-12-31,5,1974-01-15,2,1,1975-12-31,,820,,,,820,3,22.1
6492032e37fff41b8ad57d54,260,Lebanon,Government of Lebanon,119,Government of Syria,Forces of Michel Aoun,242,,2,,1990,1,1,4,1958-05-15,2,1989-03-14,1,1,1990-10-13,,660,652,,,660,2,22.1
6492032e37fff41b8ad57d70,259,Iraq,Government of Iraq,116,,SCIRI,231,,2,,1996,1,1,3,1958-07-14,1,1991-04-24,1,1,1996-10-25,,645,,,,645,2,22.1
6492032e37fff41b8ad57d7d,258,Oman,Government of Oman,129,Government of United Kingdom,State of Oman/Free Oman,226,,1,Oman,1957,1,0,4,1957-07-31,3,1957-07-31,3,1,1957-08-26,,698,200,,,698,2,22.1
6492032e37fff41b8ad57d7e,257,"Mauritania, Morocco",Government of Spain,35,Government of France,NLA,565,,1,Morocco/Spanish territories,1958,1,0,1,1957-11-23,2,1957-11-23,2,1,1958-06-30,,230,220,,,"435, 600",4,22.1
6492032e37fff41b8ad57d82,255,"Honduras, Nicaragua",Government of Honduras,12,,Government of Nicaragua,14,,1,Common Border,1957,1,0,2,1957-05-01,1,1957-05-01,1,1,1957-05-07,,91,,93,,"91, 93",5,22.1
6492032e37fff41b8ad57d83,254,Cameroon,Government of France,33,,UPC,564,,1,Cameroon,1959,1,0,1,1957-09-30,3,1957-09-30,3,1,1959-12-31,,220,,,,471,4,22.1
6492032e37fff41b8ad57d8c,252,"Egypt, France, Israel, United Kingdom",Government of Egypt,117,,"Government of France, Government of Israel, Government of United Kingdom","33, 121, 28",,1,Suez,1956,2,1,2,1956-10-31,1,1956-10-31,1,1,1956-11-06,,651,,"220,  666,  200",,"200, 220, 651, 666","1, 2",22.1
6492032e37fff41b8ad57d8d,251,India,Government of India,141,,NSCN-IM,223,,1,Nagaland,1997,1,1,3,1955-07-20,2,1992-08-05,1,1,1997-07-22,,750,,,,750,3,22.1
6492032e37fff41b8ad57d9f,250,"Hungary, Russia (Soviet Union)",Government of Hungary,40,,Government of Russia (Soviet Union),57,,2,,1956,2,1,2,1956-10-23,1,1956-10-23,1,1,1956-11-14,,310,,365,,"310, 365",1,22.1
6492032e37fff41b8ad57da1,249,South Vietnam,Government of South Vietnam,151,Government of United States of America,FNL,221,,1,South Vietnam,1964,2,1,4,1955-04-30,3,1955-04-30,3,1,1964-12-31,,817,2,,,817,3,22.1
6492032e37fff41b8ad57dab,248,Cyprus,Government of United Kingdom,28,,EOKA,220,,1,Cyprus,1959,1,0,1,1955-06-02,1,1955-06-02,1,1,1959-02-19,,200,,,,352,1,22.1
6492032e37fff41b8ad57db3,247,Argentina,Government of Argentina,26,,Military faction (colorados),737,,2,,1963,1,0,3,1955-06-16,1,1963-04-02,1,1,1963-09-22,,160,,,,160,5,22.1
6492032e37fff41b8ad57db7,246,Algeria,Government of France,33,,FLN,403,,1,Algeria,1962,1,1,1,1954-11-01,1,1954-11-29,2,1,1962-03-19,,220,,,,615,4,22.1
6492032e37fff41b8ad57dbf,245,Tunisia,Government of France,33,,National Liberation Army,402,,1,Tunisia,1956,1,0,1,1953-04-30,3,1953-04-30,3,1,1956-03-20,,220,,,,616,4,22.1
6492032e37fff41b8ad57dc4,244,Morocco,Government of France,33,,Istiqlal,401,,1,Morocco,1956,1,0,1,1953-11-07,1,1953-11-07,1,1,1956-03-02,,220,,,,600,4,22.1
6492032e37fff41b8ad57dc7,243,Indonesia,Government of Indonesia,155,,"Darul Islam, Permesta Movement, PRRI","217, 218, 219",,2,,1961,2,1,3,1953-12-31,5,1958-04-17,2,1,1961-12-31,,850,,,,850,3,22.1
6492032e37fff41b8ad57dcc,242,Cuba,Government of Cuba,5,,Cuban Revolutionary Council,735,Government of United States of America,2,,1961,1,1,4,1953-07-26,1,1961-04-17,2,1,1961-04-20,,40,,,2,40,5,22.1
6492032e37fff41b8ad57dd1,241,Kenya,Government of United Kingdom,28,,Mau Mau,400,,1,Kenya,1956,2,1,1,1952-10-22,2,1952-10-22,2,1,1956-12-31,,200,,,,501,4,22.1
6492032e37fff41b8ad57dd6,240,Thailand,Government of Thailand,147,,CPT,216,,2,,1982,1,1,3,1951-06-30,1,1974-10-31,4,1,1982-12-31,,800,,,,800,3,22.1
6492032e37fff41b8ad57de0,239,"Egypt, United Kingdom",Government of Egypt,117,,Government of United Kingdom,28,,1,Suez,1952,1,0,2,1951-10-18,1,1951-10-18,1,1,1952-12-31,,651,,200,,"200, 651","1, 2",22.1
6492032e37fff41b8ad57de2,238,United States of America,Government of United States of America,3,,Puerto Rican Nationalist Party,733,,1,Puerto Rico,1950,1,0,1,1950-10-30,1,1950-10-30,1,1,1950-11-01,,2,,,,2,5,22.1
6492032e37fff41b8ad57de3,236,China,Government of China,135,,Tibet,213,,1,Tibet,1959,2,1,3,1950-10-07,1,1959-03-10,1,1,1959-04-23,,710,,,,710,3,22.1
6492032e37fff41b8ad57de4,237,Indonesia,Government of Indonesia,155,,Republic of South Moluccas,214,,1,South Moluccas,1950,2,1,3,1950-08-05,1,1950-08-05,1,1,1950-11-15,,850,,,,850,3,22.1
6492032e37fff41b8ad57de7,235,"North Korea, South Korea",Government of North Korea,138,"Government of China, Government of Russia (Soviet Union)",Government of South Korea,139,"Government of Australia, Government of Belgium, Government of Canada, Government of Colombia, Government of Ethiopia, Government of France, Government of Greece, Government of Luxembourg, Government of Netherlands, Government of New Zealand, Government of Philippines, Government of South Africa, Government of Thailand, Government of Turkey, Government of United Kingdom, Government of United States of America",1,Korea,1953,2,1,2,1949-05-31,3,1949-05-31,3,1,1953-07-27,,731,"365, 710",732,"100, 2, 20, 200, 210, 211, 212, 220, 350, 530, 560, 640, 800, 840, 900, 920","731, 732",3,22.1
6492032e37fff41b8ad57ded,234,Israel,Government of Israel,121,,PIJ,208,,1,Palestine,2019,1,1,3,1948-05-15,1,2018-04-12,1,1,2019-11-14,,666,,,,666,2,22.1
6492032e37fff41b8ad57e4c,233,Guatemala,Government of Guatemala,11,,FAR I,728,,2,,1963,1,0,3,1949-07-18,1,1963-07-31,3,1,1963-12-31,,90,,,,90,5,22.1
6492032e37fff41b8ad57e4f,232,"China, Taiwan",Government of China,135,,Government of Taiwan,137,Government of United States of America,3,Taiwan strait,1954,2,1,2,1949-10-31,3,1954-12-31,5,1,1954-12-31,,710,,713,2,"710, 713",3,22.1
6492032e37fff41b8ad57e55,231,Myanmar (Burma),Government of Myanmar (Burma),144,,KIO,201,,1,Kachin,2019,1,1,3,1949-12-31,6,2011-06-27,1,1,2019-11-29,,775,,,,775,3,22.1
6492032e37fff41b8ad57e8b,230,Yemen (North Yemen),Government of Yemen (North Yemen),123,,NDF,199,,2,,1982,1,1,3,1948-03-15,1,1979-03-31,4,1,1982-05-31,,678,,,,678,2,22.1
6492032e37fff41b8ad57e98,229,Malaysia,Government of United Kingdom,28,"Government of Australia, Government of New Zealand",CPM,196,,1,Malaya,1957,1,1,1,1948-06-19,1,1948-06-19,1,1,1957-08-31,,200,"900, 920",,,820,3,22.1
6492032e37fff41b8ad57ea3,228,"Egypt, Iraq, Israel, Jordan, Lebanon, Syria","Government of Egypt, Government of Iraq, Government of Jordan, Government of Lebanon, Government of Syria","117, 116, 120, 119, 118",,Government of Israel,121,,1,Palestine,1949,1,1,2,1948-04-15,1,1948-04-15,1,1,1949-01-07,,"651,  645,  663,  660,  652",,666,,"645, 651, 652, 660, 663, 666",2,22.1
6492032e37fff41b8ad57ec0,227,India,Government of India,141,,PWG,193,,2,,1994,1,1,3,1948-05-01,1,1991-07-16,1,1,1994-12-02,,750,,,,750,3,22.1
6492032e37fff41b8ad57ec8,226,"Hyderabad, India",Government of Hyderabad,2,,Government of India,141,,1,Hyderabad,1948,2,1,2,1948-09-13,2,1948-09-13,2,1,1948-09-18,,751,,750,,"750, 751",3,22.1
6492032e37fff41b8ad57eca,225,Costa Rica,Government of Costa Rica,15,,National Liberation Army,725,,2,,1948,2,1,3,1948-03-03,2,1948-03-03,2,1,1948-04-20,,94,,,,94,5,22.1
6492032e37fff41b8ad57ecb,224,Myanmar (Burma),Government of Myanmar (Burma),144,,BMA,191,,1,Mon,1996,1,0,3,1948-12-31,3,1996-12-23,5,1,1996-12-23,,775,,,,775,3,22.1
6492032e37fff41b8ad57edb,223,Myanmar (Burma),Government of Myanmar (Burma),144,,ULA,3051,,1,Arakan,2020,1,1,3,1948-01-31,4,2016-10-11,1,1,2020-11-25,,775,,,,775,3,22.1
6492032e37fff41b8ad57f03,222,Myanmar (Burma),Government of Myanmar (Burma),144,,PSLF,5965,,2,,2019,1,1,3,1948-02-29,4,2017-04-29,1,1,2019-12-20,,775,,,,775,3,22.1
6492032e37fff41b8ad57f74,220,Paraguay,Government of Paraguay,24,,Military faction (forces of Andres Rodriguez),724,,2,,1989,1,1,3,1947-03-07,2,1989-02-03,1,1,1989-02-03,,150,,,,150,5,22.1
6492032e37fff41b8ad57f77,219,Madagascar (Malagasy),Government of France,33,,MDRM,179,,1,Malagasy,1947,2,1,1,1947-03-29,1,1947-03-29,1,1,1947-12-31,,220,,,,580,4,22.1
6492032e37fff41b8ad57f91,217,China,Government of China,135,,Taiwanese insurgents,177,,1,Taiwan,1947,2,1,3,1947-02-28,1,1947-02-28,1,1,1947-03-24,,710,,,,710,3,22.1
6492032e37fff41b8ad57f98,216,Vietnam (North Vietnam),Government of France,33,,Viet minh,176,,1,Vietnam,1954,2,1,1,1946-11-20,1,1946-11-20,1,1,1954-07-20,,220,,,,816,3,22.1
6492032e37fff41b8ad57f9b,215,"Albania, United Kingdom",Government of Albania,45,,Government of United Kingdom,28,,1,Korfu Channel,1946,1,0,2,1946-10-22,1,1946-10-22,1,1,1946-12-31,,339,,200,,"200, 339",1,22.1
6492032e37fff41b8ad57f9e,213,Russia (Soviet Union),Government of Russia (Soviet Union),57,,UPA,175,,1,Ukraine,1950,1,1,3,1941-12-31,5,1946-12-31,5,1,1950-12-31,,365,,,,365,1,22.1
6492032e37fff41b8ad57fa0,214,"France, Thailand",Government of France,33,,Government of Thailand,147,,1,Northern Cambodia,1946,1,0,2,1946-05-07,1,1946-05-07,1,1,1946-11-17,,220,,800,,"220, 800","1, 3",22.1
6492032e37fff41b8ad57fa2,212,Russia (Soviet Union),Government of Russia (Soviet Union),57,,BDPS,174,,1,Lithuania,1948,1,1,3,1946-06-30,4,1946-06-30,4,1,1948-12-31,,365,,,,365,1,22.1
6492032e37fff41b8ad57fc2,209,Philippines,Government of Philippines,154,,CPP,169,,2,,1995,1,1,3,1946-07-31,4,1969-09-30,4,1,1995-11-29,,840,,,,840,3,22.1
6492032e37fff41b8ad57fe7,208,Laos,Government of France,33,,Lao Issara,167,,1,Laos,1953,1,1,1,1946-03-31,4,1946-03-31,4,1,1953-12-31,,220,,,,812,3,22.1
6492032e37fff41b8ad57ff0,206,Iran,Government of Iran,114,,Republic of Azerbaijan,165,Government of Russia (Soviet Union),1,Azerbaijan,1946,1,0,4,1945-11-19,1,1946-12-16,5,1,1946-12-16,,630,,,365,630,2,22.1
6492032e37fff41b8ad57ff1,205,Iran,Government of Iran,114,,KDPI,164,,1,Kurdistan,2018,1,1,3,1946-05-31,3,2018-08-11,1,1,2018-10-12,,630,,,,630,2,22.1
6492032e37fff41b8ad58005,204,Indonesia,Government of Netherlands,30,,Indonesian People's Army,163,,1,Indonesia,1949,1,0,1,1945-10-13,2,1946-12-31,5,1,1949-08-15,,210,,,,850,3,22.1
6492032e37fff41b8ad5800c,202,China,Government of China,135,,PLA,161,,2,,1949,2,1,3,1946-12-31,7,1946-12-31,7,1,1949-12-08,,710,,,,710,3,22.1
6492032e37fff41b8ad58010,201,Cambodia (Kampuchea),Government of France,33,,Khmer Issarak,160,,1,Cambodia,1953,1,0,1,1946-08-31,3,1946-08-31,3,1,1953-11-09,,220,,,,811,3,22.1
6492032e37fff41b8ad58018,200,Bolivia,Government of Bolivia,23,,ELN,721,,2,,1967,1,1,3,1946-07-18,1,1967-03-31,3,1,1967-10-16,,145,,,,145,5,22.1
6492032e37fff41b8ad5801b,15183,Tanzania,Government of Tanzania,92,,IS,234,,1,Islamic State,2020,1,0,3,2020-10-14,1,2020-10-28,1,1,2020-10-28,,510,,,,510,4,22.1
6492032e37fff41b8ad58022,15283,Central African Republic,Government of Central African Republic,86,"Government of Bangladesh, Government of Benin, Government of Bhutan, Government of Bolivia, Government of Brazil, Government of Burkina Faso, Government of Burundi, Government of Cambodia (Kampuchea), Government of Cameroon, Government of Congo, Government of Djibouti, Government of DR Congo (Zaire), Government of Egypt, Government of France, Government of Gabon, Government of Gambia, Government of Ghana, Government of Guatemala, Government of Guinea, Government of Hungary, Government of Indonesia, Government of Ivory Coast, Government of Jordan, Government of Kenya, Government of Madagascar, Government of Mali, Government of Mauritania, Government of Moldova, Government of Morocco, Government of Nepal, Government of Niger, Government of Nigeria, Government of Pakistan, Government of Paraguay, Government of Peru, Government of Romania, Government of Rwanda, Government of Senegal, Government of Serbia (Yugoslavia), Government of Sri Lanka, Government of Tanzania, Government of Thailand, Government of Togo, Government of Tunisia, Government of Turkey, Government of United States of America, Government of Vietnam (North Vietnam), Government of Yemen (North Yemen), Government of Zambia",FPRC,4007,,1,Logone,2015,1,0,4,2015-02-10,1,2015-10-10,1,1,2015-10-10,,482,"135, 140, 145, 150, 2, 220, 310, 345, 359, 360, 420, 432, 433, 434, 435, 436, 437, 438, 439, 452, 461, 471, 475, 481, 484, 490, 501, 510, 516, 517, 522, 551, 580, 600, 616, 640, 651, 663, 678, 760, 770, 771, 780, 790, 800, 811, 816, 850, 90",,,482,4,22.1
6492032e37fff41b8ad58023,14935,Ethiopia,Government of Ethiopia,97,,Military faction (forces of Asaminew Tsige),7438,,1,Amhara,2019,1,0,3,2019-06-22,1,2019-06-22,1,1,2019-06-24,,530,,,,530,4,22.1
6492032e37fff41b8ad58028,14333,Tunisia,Government of Tunisia,110,,IS,234,,1,Islamic State,2016,1,0,3,2015-03-18,1,2016-03-07,1,1,2016-03-21,,616,,,,616,4,22.1
6492032e37fff41b8ad5802f,14268,Iran,Government of Iran,114,,IS,234,,1,Islamic State,2017,1,0,3,2016-08-15,1,2017-06-11,1,1,2017-06-11,,630,,,,630,2,22.1
6492032e37fff41b8ad5803d,14074,Somalia,Government of Somalia,95,,Republic of Somaliland,675,,1,Somaliland,2018,1,0,3,2016-07-18,1,2018-05-15,1,1,2018-11-05,,520,,,,520,4,22.1
6492032e37fff41b8ad58041,13902,Turkey,Government of Turkey,115,,IS,234,,1,Islamic State,2017,1,1,3,2015-07-23,1,2015-11-14,1,1,2017-09-06,,640,,,,640,2,22.1
6492032e37fff41b8ad58043,13936,Pakistan,Government of Pakistan,142,,IS,234,,1,Islamic State,2019,1,0,3,2016-02-12,1,2016-10-24,1,1,2019-10-28,,770,,,,770,3,22.1
6492032e37fff41b8ad5804a,13809,Syria,Government of Syria,118,,SDF,6288,,3,Rojava Kurdistan,2018,1,0,3,2015-12-06,1,2018-09-08,1,1,2018-12-23,,652,,,,652,2,22.1
6492032e37fff41b8ad5804c,13721,Algeria,Government of Algeria,109,,IS,234,,1,Islamic State,2015,1,0,3,2014-10-10,1,2015-05-20,1,1,2015-05-20,,615,,,,615,4,22.1
6492032e37fff41b8ad5804d,13694,Libya,Government of Libya,111,Government of United States of America,IS,234,,1,Islamic State,2019,1,1,4,2015-03-14,1,2015-03-18,1,1,2019-09-29,,620,2,,,620,4,22.1
6492032e37fff41b8ad58052,13692,"Afghanistan, United Kingdom, United States of America",Government of Afghanistan,130,,"Government of United Kingdom, Government of United States of America","28, 3",,2,,2001,2,1,2,2001-10-07,1,2001-10-07,1,1,2001-11-13,,700,,"200,  2",,"2, 200, 700","1, 3, 5",22.1
6492032e37fff41b8ad58053,13675,Lebanon,Government of Lebanon,119,,IS,234,,1,Islamic State,2015,1,0,3,2014-06-25,1,2014-08-03,2,1,2015-12-15,,660,,,,660,2,22.1
6492032e37fff41b8ad58058,13653,India,Government of India,141,,UNLFW,6320,,1,Western South East Asia,2018,1,0,3,2015-04-19,1,2015-06-04,1,1,2018-12-03,,750,,,,750,3,22.1
6492032e37fff41b8ad5806a,13645,Yemen (North Yemen),Government of Yemen (North Yemen),123,,IS,234,,1,Islamic State,2020,1,0,3,2015-03-20,1,2020-08-20,1,1,2020-09-18,,678,,,,678,2,22.1
6492032e37fff41b8ad58079,13640,Chad,Government of Chad,87,,IS,234,,1,Islamic State,2015,1,0,3,2015-05-27,1,2015-05-27,1,1,2015-11-01,,483,,,,483,4,22.1
6492032e37fff41b8ad58082,13638,Cameroon,Government of Cameroon,83,Government of Chad,IS,234,,1,Islamic State,2019,1,0,4,2015-03-19,1,2019-04-27,1,1,2019-09-17,,471,483,,,471,4,22.1
6492032e37fff41b8ad5808c,13611,Mali,Government of Mali,72,,FLM,6267,,1,Macina Empire,2015,1,0,3,2015-01-05,1,2015-06-27,1,1,2015-10-28,,432,,,,432,4,22.1
6492032e37fff41b8ad58096,13588,Russia (Soviet Union),Government of Russia (Soviet Union),57,,IS,234,,1,Islamic State,2020,1,0,3,2015-03-21,1,2015-08-01,2,1,2020-12-28,,365,,,,365,1,22.1
6492032e37fff41b8ad580a3,13246,Ukraine,Government of Ukraine,61,,DPR,5840,Government of Russia (Soviet Union),1,Donetsk,2014,2,1,4,2014-04-13,1,2014-05-02,1,1,2014-09-28,,369,,,365,369,1,22.1
6492032e37fff41b8ad580a5,13042,Syria,Government of Syria,118,,PYD,4163,,1,Rojava Kurdistan,2015,1,0,3,2011-09-10,2,2012-09-07,1,1,2015-07-25,,652,,,,652,2,22.1
6492032e37fff41b8ad580ab,11487,Malaysia,Government of Malaysia,152,,Sultanate of Sulu,4006,,1,Sabah,2013,1,0,3,2013-03-01,1,2013-03-02,1,1,2013-04-24,,820,,,,820,3,22.1
6492032e37fff41b8ad580ac,11475,Myanmar (Burma),Government of Myanmar (Burma),144,,NSCN-K,224,,1,Nagaland,2007,1,0,3,1991-12-31,3,2005-01-31,3,1,2007-02-15,,775,,,,775,3,22.1
6492032e37fff41b8ad580b3,11447,Ethiopia,Government of Ethiopia,97,,IGLF,1115,,1,Hararghe,1991,1,0,3,1991-10-10,2,1991-10-10,2,1,1991-10-10,,530,,,,530,4,22.1
6492032e37fff41b8ad580b4,11350,Bangladesh,Government of Bangladesh,143,,PBCP-J,1165,,2,,2006,1,0,3,1994-04-24,1,2005-02-08,1,1,2006-12-22,,771,,,,771,3,22.1
6492032e37fff41b8ad580b6,11349,China,Government of China,135,,ETIM,1156,,1,East Turkestan,2008,1,0,3,1990-04-05,1,2008-08-10,1,1,2008-08-29,,710,,,,710,3,22.1
6492032e37fff41b8ad580b7,11348,"South Sudan, Sudan",Government of South Sudan,113,,Government of Sudan,112,,1,Common border,2012,1,0,2,2012-03-27,1,2012-03-27,1,1,2012-12-26,,626,,625,,"625, 626",4,22.1
6492032e37fff41b8ad580c2,11347,Mali,Government of Mali,72,,AQIM,539,,2,,2009,1,0,3,2009-06-10,1,2009-06-16,1,1,2009-07-16,,432,,,,432,4,22.1
6492032e37fff41b8ad580c3,11346,Libya,Government of Libya,111,Government of Turkey,Forces of the House of Representatives,5802,,2,,2020,1,1,4,2011-02-28,1,2019-02-21,2,1,2020-10-31,,620,640,,,620,4,22.1
6492032e37fff41b8ad580c9,13247,Ukraine,Government of Ukraine,61,,LPR,5839,Government of Russia (Soviet Union),1,Lugansk,2014,2,1,4,2014-05-04,1,2014-06-14,1,1,2014-10-17,,369,,,365,369,1,22.1
6492032e37fff41b8ad580cf,13219,Ukraine,Government of Ukraine,61,,Maidan,5817,,2,,2014,1,0,3,2014-01-22,1,2014-02-18,1,1,2014-02-21,,369,,,,369,1,22.1
6492032e37fff41b8ad580d5,11344,Sudan,Government of Sudan,112,,Republic of South Sudan,1129,,1,Abyei,2011,1,0,3,2011-05-01,1,2011-05-19,1,1,2011-06-15,,625,,,,625,4,22.1
6492032e37fff41b8ad580dd,11342,India,Government of India,141,,GNLA,1163,,1,Garoland,2014,1,0,3,1997-05-29,1,2014-07-01,1,1,2014-11-27,,750,,,,750,3,22.1
6492032e37fff41b8ad580df,conflict_id,location,side_a,side_a_id,side_a_2nd,side_b,side_b_id,side_b_2nd,incompatibility,territory_name,year,intensity_level,cumulative_intensity,type_of_conflict,start_date,start_prec,start_date2,start_prec2,ep_end,ep_end_date,ep_end_prec,gwno_a,gwno_a_2nd,gwno_b,gwno_b_2nd,gwno_loc,region,version
